time,T_in,v_flow,T_Node 1,T_Node 2,T Pipe 1,m_flow Pipe 1,dT 1_2,T_ambient
0,17.9,1.049,17.9,18.2,18.2,2.269,-0.3000000000000007,18
1,17.9,1.049,17.9,18.545215311743544,18.545215311743544,2.269,-0.6452153117435451,18
2,17.9,1.049,17.9,18.545215311743544,18.545215311743544,2.269,-0.6452153117435451,18
3,17.9,1.049,17.9,18.545215311743544,18.545215311743544,2.269,-0.6452153117435451,18
4,18.7,1.049,18.7,18.545215311743544,18.545215311743544,2.269,0.15478468825645564,18
5,19.5,1.049,19.5,18.545215311743544,18.545215311743544,2.269,0.9547846882564563,18
6,20.4,1.049,20.4,18.545215311743544,18.545215311743544,2.269,1.854784688256455,18
7,22.1,1.049,22.1,18.545215311743544,18.545215311743544,2.269,3.5547846882564578,18
8,23.8,1.049,23.8,18.545215311743544,18.545215311743544,2.269,5.254784688256457,18
9,25.5,1.049,25.5,18.545215311743544,18.545215311743544,2.269,6.954784688256456,18
10,26.6,1.049,26.6,18.545215311743544,18.545215311743544,2.269,8.054784688256458,18
11,27.7,1.049,27.7,18.545215311743544,18.545215311743544,2.269,9.154784688256456,18
12,28.7,1.049,28.7,18.545215311743544,18.545215311743544,2.269,10.154784688256456,18
13,29.8,1.049,29.8,18.545215311743544,18.545215311743544,2.269,11.254784688256457,18
14,30.7,1.049,30.7,18.545215311743544,18.545215311743544,2.269,12.154784688256456,18
15,31.4,1.049,31.4,18.545215311743544,18.545215311743544,2.269,12.854784688256455,18
16,32.1,1.049,32.1,18.545215311743544,18.545215311743544,2.269,13.554784688256458,18
17,32.8,1.049,32.8,18.545215311743544,18.545215311743544,2.269,14.254784688256454,18
18,33.3,1.049,33.3,18.545215311743544,18.545215311743544,2.269,14.754784688256454,18
19,33.8,1.049,33.8,18.545215311743544,18.545215311743544,2.269,15.254784688256454,18
20,34.3,1.049,34.3,18.45883349703609,18.45883349703609,2.269,15.841166502963908,18
21,34.6,1.049,34.6,18.45883349703609,18.45883349703609,2.269,16.141166502963912,18
22,34.9,1.049,34.9,18.45883349703609,18.45883349703609,2.269,16.44116650296391,18
23,35.2,1.049,35.2,18.45883349703609,18.45883349703609,2.269,16.741166502963914,18
24,35.5,1.049,35.5,18.45883349703609,18.45883349703609,2.269,17.04116650296391,18
25,35.8,1.049,35.8,18.45883349703609,18.45883349703609,2.269,17.341166502963908,18
26,36.0,1.049,36.0,18.372451682328638,18.372451682328638,2.269,17.627548317671362,18
27,36.2,1.049,36.2,18.372451682328638,18.372451682328638,2.269,17.827548317671365,18
28,36.4,1.049,36.4,18.372451682328638,18.372451682328638,2.269,18.02754831767136,18
29,36.6,1.049,36.6,18.372451682328638,18.372451682328638,2.269,18.227548317671364,18
30,36.8,1.049,36.8,18.372451682328638,18.372451682328638,2.269,18.42754831767136,18
31,36.9,1.049,36.9,18.372451682328638,18.372451682328638,2.269,18.52754831767136,18
32,37.0,1.049,37.0,18.372451682328638,18.372451682328638,2.269,18.627548317671362,18
33,37.1,1.049,37.1,18.372451682328638,18.372451682328638,2.269,18.727548317671364,18
34,37.3,1.049,37.3,18.372451682328638,18.372451682328638,2.269,18.92754831767136,18
35,37.4,1.049,37.4,18.28606986762119,18.28606986762119,2.269,19.11393013237881,18
36,37.5,1.049,37.5,18.28606986762119,18.28606986762119,2.269,19.21393013237881,18
37,37.6,1.049,37.6,18.252946810004875,18.252946810004875,2.269,19.347053189995126,18
38,37.7,1.049,37.7,18.245683232372937,18.245683232372937,2.269,19.454316767627066,18
39,37.8,1.049,37.8,18.245683232372937,18.245683232372937,2.269,19.55431676762706,18
40,37.9,1.049,37.9,18.245683232372937,18.245683232372937,2.269,19.654316767627062,18
41,37.9,1.049,37.9,18.33401138601645,18.33401138601645,2.269,19.56598861398355,18
42,38.0,1.049,38.0,18.355327265304343,18.355327265304343,2.269,19.644672734695657,18
43,38.0,1.049,38.0,18.474065978505116,18.474065978505116,2.269,19.525934021494884,18
44,38.1,1.049,38.1,18.683554037893387,18.683554037893387,2.269,19.416445962106614,18
45,38.1,1.049,38.1,18.912411637633486,18.912411637633486,2.269,19.187588362366515,18
46,38.2,1.049,38.2,19.14126923737359,19.14126923737359,2.269,19.058730762626414,18
47,38.2,1.049,38.2,19.39026253658851,19.39026253658851,2.269,18.809737463411494,18
48,38.3,1.049,38.3,19.624728680539548,19.624728680539548,2.269,18.67527131946045,18
49,38.3,1.049,38.3,19.848153805285158,19.848153805285158,2.269,18.45184619471484,18
50,38.4,1.049,38.4,20.25296238610712,20.25296238610712,2.269,18.147037613892877,18
51,38.4,1.049,38.4,20.63811012106219,20.63811012106219,2.269,17.761889878937808,18
52,38.4,1.049,38.4,20.996333432518423,20.996333432518423,2.269,17.403666567481576,18
53,38.5,1.049,38.5,21.436096173594148,21.436096173594148,2.269,17.063903826405852,18
54,38.5,1.049,38.5,21.962240729377324,21.962240729377324,2.269,16.537759270622676,18
55,38.5,1.049,38.5,22.466303246749625,22.466303246749625,2.269,16.033696753250375,18
56,38.5,1.049,38.5,22.87914156432651,22.87914156432651,2.269,15.62085843567349,18
57,38.5,1.049,38.5,23.464743511318304,23.464743511318304,2.269,15.035256488681696,18
58,38.5,1.049,38.5,23.941881605191764,23.941881605191764,2.269,14.558118394808236,18
59,38.6,1.049,38.6,24.41417731397727,24.41417731397727,2.269,14.185822686022732,18
60,38.6,1.049,38.6,24.886473022762775,24.886473022762775,2.269,13.713526977237226,18
61,38.6,1.049,38.6,25.35876873154828,25.35876873154828,2.269,13.24123126845172,18
62,38.6,1.049,38.6,25.917446255041234,25.917446255041234,2.269,12.682553744958767,18
63,38.6,1.049,38.6,26.3787009446213,26.3787009446213,2.269,12.2212990553787,18
64,38.6,1.049,38.6,26.923916256364834,26.923916256364834,2.269,11.676083743635168,18
65,38.7,1.049,38.7,27.382749753400923,27.382749753400923,2.269,11.31725024659908,18
66,38.7,1.049,38.7,27.84158325043701,27.84158325043701,2.269,10.858416749562991,18
67,38.7,1.049,38.7,28.300416747473097,28.3004167474731,2.269,10.399583252526906,18
68,38.7,1.049,38.7,28.748209225303754,28.74820922530375,2.269,9.95179077469625,18
69,38.7,1.049,38.7,29.193580510590422,29.193580510590422,2.269,9.50641948940958,18
70,38.7,1.049,38.7,29.552569981169636,29.55256998116964,2.269,9.147430018830367,18
71,38.7,1.049,38.7,30.008982285661748,30.008982285661745,2.269,8.691017714338255,18
72,38.7,1.049,38.7,30.37039294878494,30.37039294878494,2.269,8.329607051215064,18
73,38.7,1.049,38.7,30.815764234071615,30.815764234071615,2.269,7.884235765928388,18
74,38.7,1.049,38.7,31.088371889943392,31.08837188994339,2.269,7.6116281100566106,18
75,38.7,1.049,38.7,31.447361360522606,31.447361360522603,2.269,7.2526386394773965,18
76,38.7,1.049,38.7,31.806350831101824,31.806350831101824,2.269,6.893649168898179,18
77,38.7,1.049,38.7,32.07895848697359,32.07895848697359,2.269,6.621041513026412,18
78,38.7,1.049,38.7,32.34052512363992,32.34052512363992,2.269,6.359474876360082,18
79,38.7,1.049,38.7,32.61071158696771,32.61071158696771,2.269,6.089288413032293,18
80,38.7,1.049,38.7,32.87227822363405,32.87227822363405,2.269,5.827721776365955,18
81,38.7,1.049,38.7,33.14246468696183,33.14246468696183,2.269,5.557535313038173,18
82,38.7,1.049,38.7,33.40403132362817,33.40403132362817,2.269,5.295968676371835,18
83,38.7,1.049,38.7,33.67421778695596,33.67421778695596,2.269,5.025782213044046,18
84,38.7,1.049,38.7,33.84940260891483,33.84940260891483,2.269,4.850597391085174,18
85,38.7,1.049,38.7,34.03320725753517,34.03320725753517,2.269,4.666792742464835,18
86,38.8,1.049,38.8,34.20839207949405,34.20839207949405,2.269,4.59160792050595,18
87,38.8,1.049,38.8,34.392196728114385,34.392196728114385,2.269,4.407803271885612,18
88,38.8,1.049,38.8,34.48099973536581,34.48099973536581,2.269,4.319000264634184,18
89,38.9,1.049,38.9,34.65376336478072,34.65376336478072,2.269,4.246236635219276,18
90,38.9,1.049,38.9,34.837568013401054,34.837568013401054,2.269,4.062431986598945,18
91,38.9,1.049,38.9,35.01275283535994,35.01275283535994,2.269,3.8872471646400584,18
92,38.9,1.049,38.9,35.09913465006739,35.09913465006739,2.269,3.8008653499326073,18
93,38.9,1.049,38.9,35.271898279482286,35.271898279482286,2.269,3.628101720517712,18
94,38.9,1.049,38.9,35.35828009418974,35.35828009418974,2.269,3.541719905810261,18
95,38.9,1.049,38.9,35.44466190889719,35.44466190889719,2.269,3.45533809110281,18
96,38.8,1.049,38.8,35.542084742810076,35.542084742810076,2.269,3.2579152571899215,18
97,38.8,1.049,38.8,35.630887750061504,35.630887750061504,2.269,3.169112249938493,18
98,38.8,1.049,38.8,35.717269564768955,35.717269564768955,2.269,3.082730435231042,18
99,38.9,1.049,38.9,35.80365137947642,35.80365137947642,2.269,3.096348620523578,18
100,38.9,1.049,38.9,35.89003319418386,35.89003319418386,2.269,3.0099668058161413,18
101,38.9,1.049,38.9,35.976415008891315,35.976415008891315,2.269,2.923584991108683,18
102,38.9,1.049,38.9,35.98745602809676,35.98745602809676,2.269,2.91254397190324,18
103,38.9,1.049,38.9,36.07625903534819,36.07625903534819,2.269,2.8237409646518117,18
104,38.9,1.049,38.9,36.16264085005563,36.16264085005563,2.269,2.7373591499443677,18
105,38.8,1.049,38.8,36.16264085005563,36.16264085005563,2.269,2.6373591499443663,18
106,38.8,1.049,38.8,36.24902266476309,36.24902266476309,2.269,2.550977335236908,18
107,38.8,1.049,38.8,36.33540447947053,36.33540447947053,2.269,2.464595520529464,18
108,38.8,1.049,38.8,36.421786294177984,36.421786294177984,2.269,2.378213705822013,18
109,38.8,1.049,38.8,36.421786294177984,36.421786294177984,2.269,2.378213705822013,18
110,38.8,1.049,38.8,36.50816810888543,36.50816810888543,2.269,2.291831891114569,18
111,38.8,1.049,38.8,36.50816810888543,36.50816810888543,2.269,2.291831891114569,18
112,38.8,1.049,38.8,36.594549923592886,36.594549923592886,2.269,2.2054500764071108,18
113,38.8,1.049,38.8,36.594549923592886,36.594549923592886,2.269,2.2054500764071108,18
114,38.8,1.049,38.8,36.594549923592886,36.594549923592886,2.269,2.2054500764071108,18
115,38.8,1.049,38.8,36.68093173830033,36.68093173830033,2.269,2.1190682616996668,18
116,38.8,1.049,38.8,36.68093173830033,36.68093173830033,2.269,2.1190682616996668,18
117,38.8,1.049,38.8,36.68093173830033,36.68093173830033,2.269,2.1190682616996668,18
118,38.8,1.049,38.8,36.76731355300778,36.76731355300778,2.269,2.0326864469922157,18
119,38.8,1.049,38.8,36.76731355300778,36.76731355300778,2.269,2.0326864469922157,18
120,38.8,1.049,38.8,36.76731355300778,36.76731355300778,2.269,2.0326864469922157,18
121,38.8,1.049,38.8,36.85369536771523,36.85369536771523,2.269,1.9463046322847646,18
122,38.8,1.049,38.8,36.85369536771523,36.85369536771523,2.269,1.9463046322847646,18
123,38.8,1.049,38.8,36.86473638692067,36.86473638692067,2.269,1.9352636130793286,18
124,38.8,1.049,38.8,36.9535393941721,36.9535393941721,2.269,1.8464606058279003,18
125,38.8,1.049,38.8,36.9535393941721,36.9535393941721,2.269,1.8464606058279003,18
126,38.8,1.049,38.8,36.96458041337753,36.96458041337753,2.269,1.8354195866224643,18
127,38.8,1.049,38.8,36.96700160592152,36.96700160592152,2.269,1.83299839407848,18
128,38.8,1.049,38.8,36.96700160592152,36.96700160592152,2.269,1.83299839407848,18
129,38.8,1.049,38.8,36.96700160592152,36.96700160592152,2.269,1.83299839407848,18
130,38.8,1.049,38.8,37.05338342062896,37.05338342062896,2.269,1.746616579371036,18
131,38.8,1.049,38.8,37.05338342062896,37.05338342062896,2.269,1.746616579371036,18
132,38.8,1.049,38.8,37.05338342062896,37.05338342062896,2.269,1.746616579371036,18
133,38.8,1.049,38.8,37.128724216130976,37.128724216130976,2.269,1.6712757838690209,18
134,38.8,1.049,38.8,37.126303023587,37.126303023587,2.269,1.673696976412998,18
135,38.8,1.049,38.8,37.126303023587,37.126303023587,2.269,1.673696976412998,18
136,38.8,1.049,38.8,37.137344042792435,37.137344042792435,2.269,1.662655957207562,18
137,38.8,1.049,38.8,37.13976523533641,37.13976523533641,2.269,1.6602347646635849,18
138,38.8,1.049,38.8,37.13976523533641,37.13976523533641,2.269,1.6602347646635849,18
139,38.8,1.049,38.8,37.13976523533641,37.13976523533641,2.269,1.6602347646635849,18
140,38.8,1.049,38.8,37.13976523533641,37.13976523533641,2.269,1.6602347646635849,18
141,38.9,1.049,38.9,37.13976523533641,37.13976523533641,2.269,1.7602347646635863,18
142,38.9,1.049,38.9,37.21510603083843,37.21510603083843,2.269,1.6848939691615712,18
143,38.9,1.049,38.9,37.21268483829445,37.21268483829445,2.269,1.6873151617055484,18
144,38.9,1.049,38.9,37.21268483829445,37.21268483829445,2.269,1.6873151617055484,18
145,38.9,1.049,38.9,37.21268483829445,37.21268483829445,2.269,1.6873151617055484,18
146,38.9,1.049,38.9,37.2990666530019,37.2990666530019,2.269,1.6009333469980973,18
147,38.9,1.049,38.9,37.2990666530019,37.2990666530019,2.269,1.6009333469980973,18
148,38.9,1.049,38.9,37.2990666530019,37.2990666530019,2.269,1.6009333469980973,18
149,38.9,1.049,38.9,37.2990666530019,37.2990666530019,2.269,1.6009333469980973,18
150,38.9,1.049,38.9,37.2990666530019,37.2990666530019,2.269,1.6009333469980973,18
151,38.9,1.049,38.9,37.2990666530019,37.2990666530019,2.269,1.6009333469980973,18
152,38.9,1.049,38.9,37.2990666530019,37.2990666530019,2.269,1.6009333469980973,18
153,38.9,1.049,38.9,37.2990666530019,37.2990666530019,2.269,1.6009333469980973,18
154,38.9,1.049,38.9,37.2990666530019,37.2990666530019,2.269,1.6009333469980973,18
155,38.9,1.049,38.9,37.2990666530019,37.2990666530019,2.269,1.6009333469980973,18
156,38.9,1.049,38.9,37.2990666530019,37.2990666530019,2.269,1.6009333469980973,18
157,38.9,1.049,38.9,37.2990666530019,37.2990666530019,2.269,1.6009333469980973,18
158,38.9,1.049,38.9,37.2990666530019,37.2990666530019,2.269,1.6009333469980973,18
159,38.9,1.049,38.9,37.2990666530019,37.2990666530019,2.269,1.6009333469980973,18
160,38.9,1.049,38.9,37.2990666530019,37.2990666530019,2.269,1.6009333469980973,18
161,38.9,1.049,38.9,37.2990666530019,37.2990666530019,2.269,1.6009333469980973,18
162,39.0,1.049,39.0,37.2990666530019,37.2990666530019,2.269,1.7009333469980987,18
163,39.0,1.049,39.0,37.38544846770935,37.38544846770935,2.269,1.6145515322906476,18
164,39.0,1.049,39.0,37.38544846770935,37.38544846770935,2.269,1.6145515322906476,18
165,39.0,1.049,39.0,37.38544846770935,37.38544846770935,2.269,1.6145515322906476,18
166,39.0,1.049,39.0,37.38544846770935,37.38544846770935,2.269,1.6145515322906476,18
167,39.0,1.049,39.0,37.38544846770935,37.38544846770935,2.269,1.6145515322906476,18
168,39.0,1.049,39.0,37.38544846770935,37.38544846770935,2.269,1.6145515322906476,18
169,39.0,1.049,39.0,37.38544846770935,37.38544846770935,2.269,1.6145515322906476,18
170,39.0,1.049,39.0,37.38544846770935,37.38544846770935,2.269,1.6145515322906476,18
171,39.0,1.049,39.0,37.38544846770935,37.38544846770935,2.269,1.6145515322906476,18
172,39.0,1.049,39.0,37.38544846770935,37.38544846770935,2.269,1.6145515322906476,18
173,39.0,1.049,39.0,37.38544846770935,37.38544846770935,2.269,1.6145515322906476,18
174,39.1,1.049,39.1,37.38544846770935,37.38544846770935,2.269,1.714551532290649,18
175,39.1,1.049,39.1,37.47183028241679,37.47183028241679,2.269,1.6281697175832122,18
176,39.1,1.049,39.1,37.47183028241679,37.47183028241679,2.269,1.6281697175832122,18
177,39.1,1.049,39.1,37.47183028241679,37.47183028241679,2.269,1.6281697175832122,18
178,39.1,1.049,39.1,37.48287130162224,37.48287130162224,2.269,1.617128698377762,18
179,39.1,1.049,39.1,37.48529249416622,37.48529249416622,2.269,1.6147075058337848,18
180,39.1,1.049,39.1,37.48529249416622,37.48529249416622,2.269,1.6147075058337848,18
181,39.1,1.049,39.1,37.48529249416622,37.48529249416622,2.269,1.6147075058337848,18
182,39.1,1.049,39.1,37.48529249416622,37.48529249416622,2.269,1.6147075058337848,18
183,39.2,1.049,39.2,37.48529249416622,37.48529249416622,2.269,1.7147075058337862,18
184,39.2,1.049,39.2,37.48529249416622,37.48529249416622,2.269,1.7147075058337862,18
185,39.2,1.049,39.2,37.48529249416622,37.48529249416622,2.269,1.7147075058337862,18
186,39.2,1.049,39.2,37.48529249416622,37.48529249416622,2.269,1.7147075058337862,18
187,39.2,1.049,39.2,37.48529249416622,37.48529249416622,2.269,1.7147075058337862,18
188,39.2,1.049,39.2,37.57167430887367,37.57167430887367,2.269,1.628325691126335,18
189,39.2,1.049,39.2,37.57167430887367,37.57167430887367,2.269,1.628325691126335,18
190,39.2,1.049,39.2,37.57167430887367,37.57167430887367,2.269,1.628325691126335,18
191,39.2,1.049,39.2,37.57167430887367,37.57167430887367,2.269,1.628325691126335,18
192,39.2,1.049,39.2,37.57167430887367,37.57167430887367,2.269,1.628325691126335,18
193,39.2,1.049,39.2,37.57167430887367,37.57167430887367,2.269,1.628325691126335,18
194,39.2,1.049,39.2,37.57167430887367,37.57167430887367,2.269,1.628325691126335,18
195,39.2,1.049,39.2,37.57167430887367,37.57167430887367,2.269,1.628325691126335,18
196,39.1,1.049,39.1,37.57167430887367,37.57167430887367,2.269,1.5283256911263337,18
197,39.1,1.049,39.1,37.57167430887367,37.57167430887367,2.269,1.5283256911263337,18
198,39.1,1.049,39.1,37.57167430887367,37.57167430887367,2.269,1.5283256911263337,18
199,39.1,1.049,39.1,37.58271532807911,37.58271532807911,2.269,1.5172846719208906,18
200,39.1,1.049,39.1,37.58513652062308,37.58513652062308,2.269,1.5148634793769205,18
201,39.1,1.049,39.1,37.58513652062308,37.58513652062308,2.269,1.5148634793769205,18
202,39.2,1.049,39.2,37.58513652062308,37.58513652062308,2.269,1.6148634793769219,18
203,39.2,1.049,39.2,37.58513652062308,37.58513652062308,2.269,1.6148634793769219,18
204,39.2,1.049,39.2,37.58513652062308,37.58513652062308,2.269,1.6148634793769219,18
205,39.1,1.049,39.1,37.58513652062308,37.58513652062308,2.269,1.5148634793769205,18
206,39.1,1.049,39.1,37.58513652062308,37.58513652062308,2.269,1.5148634793769205,18
207,39.1,1.049,39.1,37.58513652062308,37.58513652062308,2.269,1.5148634793769205,18
208,39.2,1.049,39.2,37.58513652062308,37.58513652062308,2.269,1.6148634793769219,18
209,39.2,1.049,39.2,37.58513652062308,37.58513652062308,2.269,1.6148634793769219,18
210,39.2,1.049,39.2,37.58513652062308,37.58513652062308,2.269,1.6148634793769219,18
211,39.2,1.049,39.2,37.59617753982852,37.59617753982852,2.269,1.6038224601714859,18
212,39.2,1.049,39.2,37.59859873237251,37.59859873237251,2.269,1.6014012676274945,18
213,39.2,1.049,39.2,37.68498054707996,37.68498054707996,2.269,1.5150194529200434,18
214,39.2,1.049,39.2,37.68498054707996,37.68498054707996,2.269,1.5150194529200434,18
215,39.2,1.049,39.2,37.68498054707996,37.68498054707996,2.269,1.5150194529200434,18
216,39.2,1.049,39.2,37.68498054707996,37.68498054707996,2.269,1.5150194529200434,18
217,39.2,1.049,39.2,37.68498054707996,37.68498054707996,2.269,1.5150194529200434,18
218,39.2,1.049,39.2,37.68498054707996,37.68498054707996,2.269,1.5150194529200434,18
219,39.2,1.049,39.2,37.68498054707996,37.68498054707996,2.269,1.5150194529200434,18
220,39.2,1.049,39.2,37.696021566285395,37.696021566285395,2.269,1.5039784337146074,18
221,39.2,1.049,39.2,37.69844275882937,37.69844275882937,2.269,1.5015572411706302,18
222,39.2,1.049,39.2,37.69844275882937,37.69844275882937,2.269,1.5015572411706302,18
223,39.2,1.049,39.2,37.69844275882937,37.69844275882937,2.269,1.5015572411706302,18
224,39.2,1.049,39.2,37.784824573536824,37.784824573536824,2.269,1.415175426463179,18
225,39.2,1.049,39.2,37.784824573536824,37.784824573536824,2.269,1.415175426463179,18
226,39.2,1.049,39.2,37.784824573536824,37.784824573536824,2.269,1.415175426463179,18
227,39.2,1.049,39.2,37.784824573536824,37.784824573536824,2.269,1.415175426463179,18
228,39.2,1.049,39.2,37.784824573536824,37.784824573536824,2.269,1.415175426463179,18
229,39.2,1.049,39.2,37.784824573536824,37.784824573536824,2.269,1.415175426463179,18
230,39.2,1.049,39.2,37.784824573536824,37.784824573536824,2.269,1.415175426463179,18
231,39.2,1.049,39.2,37.784824573536824,37.784824573536824,2.269,1.415175426463179,18
232,39.3,1.049,39.3,37.784824573536824,37.784824573536824,2.269,1.5151754264631734,18
233,39.3,1.049,39.3,37.77378355433139,37.77378355433139,2.269,1.5262164456686094,18
234,39.3,1.049,39.3,37.77136236178741,37.77136236178741,2.269,1.5286376382125866,18
235,39.3,1.049,39.3,37.77136236178741,37.77136236178741,2.269,1.5286376382125866,18
236,39.3,1.049,39.3,37.77136236178741,37.77136236178741,2.269,1.5286376382125866,18
237,39.3,1.049,39.3,37.77136236178741,37.77136236178741,2.269,1.5286376382125866,18
238,39.3,1.049,39.3,37.77136236178741,37.77136236178741,2.269,1.5286376382125866,18
239,39.3,1.049,39.3,37.78240338099285,37.78240338099285,2.269,1.5175966190071506,18
240,39.3,1.049,39.3,37.784824573536824,37.784824573536824,2.269,1.5151754264631734,18
241,39.3,1.049,39.3,37.784824573536824,37.784824573536824,2.269,1.5151754264631734,18
242,39.3,1.049,39.3,37.77378355433139,37.77378355433139,2.269,1.5262164456686094,18
243,39.3,1.049,39.3,37.77136236178741,37.77136236178741,2.269,1.5286376382125866,18
244,39.2,1.049,39.2,37.77136236178741,37.77136236178741,2.269,1.4286376382125923,18
245,39.2,1.049,39.2,37.868785195700305,37.868785195700305,2.269,1.331214804299698,18
246,39.2,1.049,39.2,37.871206388244275,37.871206388244275,2.269,1.328793611755728,18
247,39.2,1.049,39.2,37.871206388244275,37.871206388244275,2.269,1.328793611755728,18
248,39.2,1.049,39.2,37.871206388244275,37.871206388244275,2.269,1.328793611755728,18
249,39.2,1.049,39.2,37.871206388244275,37.871206388244275,2.269,1.328793611755728,18
250,39.3,1.049,39.3,37.871206388244275,37.871206388244275,2.269,1.4287936117557223,18
251,39.3,1.049,39.3,37.871206388244275,37.871206388244275,2.269,1.4287936117557223,18
252,39.3,1.049,39.3,37.871206388244275,37.871206388244275,2.269,1.4287936117557223,18
253,39.3,1.049,39.3,37.871206388244275,37.871206388244275,2.269,1.4287936117557223,18
254,39.3,1.049,39.3,37.871206388244275,37.871206388244275,2.269,1.4287936117557223,18
255,39.3,1.049,39.3,37.871206388244275,37.871206388244275,2.269,1.4287936117557223,18
256,39.3,1.049,39.3,37.871206388244275,37.871206388244275,2.269,1.4287936117557223,18
257,39.3,1.049,39.3,37.871206388244275,37.871206388244275,2.269,1.4287936117557223,18
258,39.3,1.049,39.3,37.871206388244275,37.871206388244275,2.269,1.4287936117557223,18
259,39.3,1.049,39.3,37.871206388244275,37.871206388244275,2.269,1.4287936117557223,18
260,39.3,1.049,39.3,37.871206388244275,37.871206388244275,2.269,1.4287936117557223,18
261,39.3,1.049,39.3,37.871206388244275,37.871206388244275,2.269,1.4287936117557223,18
262,39.3,1.049,39.3,37.871206388244275,37.871206388244275,2.269,1.4287936117557223,18
263,39.3,1.049,39.3,37.957588202951726,37.957588202951726,2.269,1.3424117970482712,18
264,39.3,1.049,39.3,37.957588202951726,37.957588202951726,2.269,1.3424117970482712,18
265,39.4,1.049,39.4,37.957588202951726,37.957588202951726,2.269,1.4424117970482726,18
266,39.4,1.049,39.4,37.957588202951726,37.957588202951726,2.269,1.4424117970482726,18
267,39.4,1.049,39.4,37.957588202951726,37.957588202951726,2.269,1.4424117970482726,18
268,39.3,1.049,39.3,37.957588202951726,37.957588202951726,2.269,1.3424117970482712,18
269,39.3,1.049,39.3,37.96862922215716,37.96862922215716,2.269,1.3313707778428352,18
270,39.3,1.049,39.3,37.97105041470114,37.97105041470114,2.269,1.328949585298858,18
271,39.3,1.049,39.3,37.97105041470114,37.97105041470114,2.269,1.328949585298858,18
272,39.4,1.049,39.4,37.97105041470114,37.97105041470114,2.269,1.4289495852988594,18
273,39.4,1.049,39.4,37.97105041470114,37.97105041470114,2.269,1.4289495852988594,18
274,39.4,1.049,39.4,37.97105041470114,37.97105041470114,2.269,1.4289495852988594,18
275,39.4,1.049,39.4,37.97105041470114,37.97105041470114,2.269,1.4289495852988594,18
276,39.4,1.049,39.4,37.97105041470114,37.97105041470114,2.269,1.4289495852988594,18
277,39.4,1.049,39.4,37.97105041470114,37.97105041470114,2.269,1.4289495852988594,18
278,39.4,1.049,39.4,37.97105041470114,37.97105041470114,2.269,1.4289495852988594,18
279,39.4,1.049,39.4,37.97105041470114,37.97105041470114,2.269,1.4289495852988594,18
280,39.4,1.049,39.4,37.97105041470114,37.97105041470114,2.269,1.4289495852988594,18
281,39.4,1.049,39.4,37.9600093954957,37.9600093954957,2.269,1.4399906045042954,18
282,39.4,1.049,39.4,37.957588202951726,37.957588202951726,2.269,1.4424117970482726,18
283,39.4,1.049,39.4,37.957588202951726,37.957588202951726,2.269,1.4424117970482726,18
284,39.4,1.049,39.4,37.957588202951726,37.957588202951726,2.269,1.4424117970482726,18
285,39.4,1.049,39.4,37.957588202951726,37.957588202951726,2.269,1.4424117970482726,18
286,39.4,1.049,39.4,37.957588202951726,37.957588202951726,2.269,1.4424117970482726,18
287,39.4,1.049,39.4,37.96862922215716,37.96862922215716,2.269,1.4313707778428366,18
288,39.4,1.049,39.4,37.97105041470114,37.97105041470114,2.269,1.4289495852988594,18
289,39.4,1.049,39.4,37.97105041470114,37.97105041470114,2.269,1.4289495852988594,18
290,39.4,1.049,39.4,37.97105041470114,37.97105041470114,2.269,1.4289495852988594,18
291,39.5,1.049,39.5,37.97105041470114,37.97105041470114,2.269,1.5289495852988608,18
292,39.5,1.049,39.5,38.05743222940859,38.05743222940859,2.269,1.4425677705914097,18
293,39.5,1.049,39.5,38.05743222940859,38.05743222940859,2.269,1.4425677705914097,18
294,39.5,1.049,39.5,38.05743222940859,38.05743222940859,2.269,1.4425677705914097,18
295,39.4,1.049,39.4,38.05743222940859,38.05743222940859,2.269,1.3425677705914083,18
296,39.4,1.049,39.4,38.05743222940859,38.05743222940859,2.269,1.3425677705914083,18
297,39.4,1.049,39.4,38.05743222940859,38.05743222940859,2.269,1.3425677705914083,18
298,39.4,1.049,39.4,38.05743222940859,38.05743222940859,2.269,1.3425677705914083,18
299,39.4,1.049,39.4,38.05743222940859,38.05743222940859,2.269,1.3425677705914083,18
300,39.4,1.049,39.4,38.05743222940859,38.05743222940859,2.269,1.3425677705914083,18
301,39.4,1.049,39.4,38.05743222940859,38.05743222940859,2.269,1.3425677705914083,18
302,39.4,1.049,39.4,38.06847324861404,38.06847324861404,2.269,1.331526751385958,18
303,39.4,1.049,39.4,38.07089444115801,38.07089444115801,2.269,1.329105558841988,18
304,39.4,1.049,39.4,38.07089444115801,38.07089444115801,2.269,1.329105558841988,18
305,39.5,1.049,39.5,38.05985342195257,38.05985342195257,2.269,1.4401465780474325,18
306,39.5,1.049,39.5,38.05743222940859,38.05743222940859,2.269,1.4425677705914097,18
307,39.5,1.049,39.5,38.05743222940859,38.05743222940859,2.269,1.4425677705914097,18
308,39.5,1.049,39.5,38.05743222940859,38.05743222940859,2.269,1.4425677705914097,18
309,39.5,1.049,39.5,38.06847324861404,38.06847324861404,2.269,1.4315267513859595,18
310,39.5,1.049,39.5,38.15727625586547,38.15727625586547,2.269,1.3427237441345312,18
311,39.5,1.049,39.5,38.15727625586547,38.15727625586547,2.269,1.3427237441345312,18
312,39.5,1.049,39.5,38.15727625586547,38.15727625586547,2.269,1.3427237441345312,18
313,39.5,1.049,39.5,38.07089444115801,38.07089444115801,2.269,1.4291055588419894,18
314,39.5,1.049,39.5,38.07089444115801,38.07089444115801,2.269,1.4291055588419894,18
315,39.5,1.049,39.5,38.07089444115801,38.07089444115801,2.269,1.4291055588419894,18
316,39.5,1.049,39.5,38.15727625586547,38.15727625586547,2.269,1.3427237441345312,18
317,39.5,1.049,39.5,38.15727625586547,38.15727625586547,2.269,1.3427237441345312,18
318,39.4,1.049,39.4,38.15727625586547,38.15727625586547,2.269,1.2427237441345298,18
319,39.4,1.049,39.4,38.15727625586547,38.15727625586547,2.269,1.2427237441345298,18
320,39.4,1.049,39.4,38.15727625586547,38.15727625586547,2.269,1.2427237441345298,18
321,39.4,1.049,39.4,38.15727625586547,38.15727625586547,2.269,1.2427237441345298,18
322,39.4,1.049,39.4,38.15727625586547,38.15727625586547,2.269,1.2427237441345298,18
323,39.4,1.049,39.4,38.15727625586547,38.15727625586547,2.269,1.2427237441345298,18
324,39.4,1.049,39.4,38.15727625586547,38.15727625586547,2.269,1.2427237441345298,18
325,39.5,1.049,39.5,38.15727625586547,38.15727625586547,2.269,1.3427237441345312,18
326,39.5,1.049,39.5,38.15727625586547,38.15727625586547,2.269,1.3427237441345312,18
327,39.5,1.049,39.5,38.15727625586547,38.15727625586547,2.269,1.3427237441345312,18
328,39.5,1.049,39.5,38.1683172750709,38.1683172750709,2.269,1.3316827249291023,18
329,39.6,1.049,39.6,38.17073846761488,38.17073846761488,2.269,1.4292615323851194,18
330,39.6,1.049,39.6,38.17073846761488,38.17073846761488,2.269,1.4292615323851194,18
331,39.6,1.049,39.6,38.17073846761488,38.17073846761488,2.269,1.4292615323851194,18
332,39.6,1.049,39.6,38.15969744840944,38.15969744840944,2.269,1.4403025515905625,18
333,39.6,1.049,39.6,38.15727625586547,38.15727625586547,2.269,1.4427237441345326,18
334,39.6,1.049,39.6,38.15727625586547,38.15727625586547,2.269,1.4427237441345326,18
335,39.6,1.049,39.6,38.15727625586547,38.15727625586547,2.269,1.4427237441345326,18
336,39.6,1.049,39.6,38.15727625586547,38.15727625586547,2.269,1.4427237441345326,18
337,39.6,1.049,39.6,38.15727625586547,38.15727625586547,2.269,1.4427237441345326,18
338,39.6,1.049,39.6,38.15727625586547,38.15727625586547,2.269,1.4427237441345326,18
339,39.6,1.049,39.6,38.15727625586547,38.15727625586547,2.269,1.4427237441345326,18
340,39.6,1.049,39.6,38.15727625586547,38.15727625586547,2.269,1.4427237441345326,18
341,39.6,1.049,39.6,38.15727625586547,38.15727625586547,2.269,1.4427237441345326,18
342,39.6,1.049,39.6,38.254699089778356,38.254699089778356,2.269,1.3453009102216456,18
343,39.6,1.049,39.6,38.257120282322326,38.257120282322326,2.269,1.3428797176776754,18
344,39.6,1.049,39.6,38.257120282322326,38.257120282322326,2.269,1.3428797176776754,18
345,39.6,1.049,39.6,38.257120282322326,38.257120282322326,2.269,1.3428797176776754,18
346,39.6,1.049,39.6,38.257120282322326,38.257120282322326,2.269,1.3428797176776754,18
347,39.6,1.049,39.6,38.257120282322326,38.257120282322326,2.269,1.3428797176776754,18
348,39.6,1.049,39.6,38.257120282322326,38.257120282322326,2.269,1.3428797176776754,18
349,39.6,1.049,39.6,38.257120282322326,38.257120282322326,2.269,1.3428797176776754,18
350,39.6,1.049,39.6,38.257120282322326,38.257120282322326,2.269,1.3428797176776754,18
351,39.5,1.049,39.5,38.257120282322326,38.257120282322326,2.269,1.242879717677674,18
352,39.5,1.049,39.5,38.257120282322326,38.257120282322326,2.269,1.242879717677674,18
353,39.5,1.049,39.5,38.257120282322326,38.257120282322326,2.269,1.242879717677674,18
354,39.5,1.049,39.5,38.257120282322326,38.257120282322326,2.269,1.242879717677674,18
355,39.4,1.049,39.4,38.2460792631169,38.2460792631169,2.269,1.1539207368831015,18
356,39.4,1.049,39.4,38.24365807057292,38.24365807057292,2.269,1.1563419294270787,18
357,39.4,1.049,39.4,38.24365807057292,38.24365807057292,2.269,1.1563419294270787,18
358,39.4,1.049,39.4,38.24365807057292,38.24365807057292,2.269,1.1563419294270787,18
359,39.4,1.049,39.4,38.24365807057292,38.24365807057292,2.269,1.1563419294270787,18
360,39.4,1.049,39.4,38.330039885280364,38.330039885280364,2.269,1.0699601147196347,18
361,39.4,1.049,39.4,38.330039885280364,38.330039885280364,2.269,1.0699601147196347,18
362,39.4,1.049,39.4,38.34108090448581,38.34108090448581,2.269,1.0589190955141916,18
363,39.5,1.049,39.5,38.343502097029784,38.343502097029784,2.269,1.1564979029702158,18
364,39.5,1.049,39.5,38.343502097029784,38.343502097029784,2.269,1.1564979029702158,18
365,39.5,1.049,39.5,38.343502097029784,38.343502097029784,2.269,1.1564979029702158,18
366,39.5,1.049,39.5,38.35454311623522,38.35454311623522,2.269,1.1454568837647798,18
367,39.5,1.049,39.5,38.356964308779204,38.356964308779204,2.269,1.1430356912207955,18
368,39.5,1.049,39.5,38.356964308779204,38.356964308779204,2.269,1.1430356912207955,18
369,39.5,1.049,39.5,38.356964308779204,38.356964308779204,2.269,1.1430356912207955,18
370,39.5,1.049,39.5,38.356964308779204,38.356964308779204,2.269,1.1430356912207955,18
371,39.5,1.049,39.5,38.356964308779204,38.356964308779204,2.269,1.1430356912207955,18
372,39.5,1.049,39.5,38.356964308779204,38.356964308779204,2.269,1.1430356912207955,18
373,39.5,1.049,39.5,38.356964308779204,38.356964308779204,2.269,1.1430356912207955,18
374,39.6,1.049,39.6,38.356964308779204,38.356964308779204,2.269,1.243035691220797,18
375,39.6,1.049,39.6,38.356964308779204,38.356964308779204,2.269,1.243035691220797,18
